{"loss": 0.0, "epoch": 0, "_timestamp": 1714561836.5310888, "_runtime": 173.90511894226074, "_step": 308, "_wandb": {"runtime": 173}}