{"loss": 0.26770246028900146, "epoch": 0, "_timestamp": 1714553712.888498, "_runtime": 6.839470148086548, "_step": 0, "_wandb": {"runtime": 6}}