{"loss": 0.0, "epoch": 0, "_timestamp": 1714549063.2415833, "_runtime": 821.657472372055, "_step": 158}