{"loss": 0.24712622165679932, "epoch": 0, "_timestamp": 1714550266.2358265, "_runtime": 9.708786487579346, "_step": 0, "_wandb": {"runtime": 9}}