{"loss": 0.25175216794013977, "epoch": 0, "_timestamp": 1714552078.7259114, "_runtime": 8.367757320404053, "_step": 0, "_wandb": {"runtime": 8}}