{"loss": 0.0, "epoch": 0, "_timestamp": 1714550793.7822149, "_runtime": 808.1834218502045, "_step": 308, "_wandb": {"runtime": 807}}