{"loss": 0.21875, "epoch": 0, "_timestamp": 1714552264.8333647, "_runtime": 156.4283788204193, "_step": 308, "_wandb": {"runtime": 156}}