{"loss": 0.23076924681663513, "epoch": 4, "_timestamp": 1714566088.5273736, "_runtime": 911.3221304416656, "_step": 1549, "_wandb": {"runtime": 961}}