{"loss": 0.2545638978481293, "epoch": 0, "_timestamp": 1714554061.2560265, "_runtime": 6.544936418533325, "_step": 0, "_wandb": {"runtime": 6}}