{"loss": 0.2593645453453064, "epoch": 0, "_timestamp": 1714554204.4630184, "_runtime": 6.851696491241455, "_step": 0, "_wandb": {"runtime": 6}}