{"loss": 0.1875, "epoch": 0, "_timestamp": 1714552491.760417, "_runtime": 151.73636198043823, "_step": 308, "_wandb": {"runtime": 151}}