{"loss": 0.2562684118747711, "epoch": 0, "_timestamp": 1714554689.3872302, "_runtime": 11.682404041290283, "_step": 0, "_wandb": {"runtime": 11}}