{"loss": 0.24267730116844177, "epoch": 0, "_timestamp": 1714553564.2520819, "_runtime": 7.585071802139282, "_step": 0, "_wandb": {"runtime": 7}}