{"loss": 0.26207900047302246, "epoch": 0, "_timestamp": 1714554421.60273, "_runtime": 7.181324005126953, "_step": 0, "_wandb": {"runtime": 7}}