{"acc": 0.7499356139240356, "loss": 0.24676419411167821, "_timestamp": 1714549616.0771034, "_runtime": 0.6911683082580566, "_step": 7, "_wandb": {"runtime": 0}}