{"loss": 0.24971117079257965, "epoch": 0, "_timestamp": 1714554792.0389225, "_runtime": 8.629318475723267, "_step": 0, "_wandb": {"runtime": 8}}