{"loss": 0.2593851685523987, "epoch": 0, "_timestamp": 1714552194.570968, "_runtime": 7.211198806762695, "_step": 0, "_wandb": {"runtime": 7}}