{"loss": 0.1875, "epoch": 0, "_timestamp": 1714550233.1118467, "_runtime": 360.9920907020569, "_step": 120, "_wandb": {"runtime": 368}}