{"loss": 0.2508012056350708, "epoch": 0, "_timestamp": 1714555166.026821, "_runtime": 8.06773591041565, "_step": 0, "_wandb": {"runtime": 7}}