{"loss": 0.24276944994926453, "epoch": 0, "_timestamp": 1714550977.5171149, "_runtime": 6.1159608364105225, "_step": 0, "_wandb": {"runtime": 6}}