{"loss": 0.1875, "epoch": 0, "_timestamp": 1714570347.9640288, "_runtime": 115.65558671951294, "_step": 142, "_wandb": {"runtime": 117}}