{"loss": 0.09375, "epoch": 0, "_timestamp": 1714551050.5927525, "_runtime": 142.38313150405884, "_step": 308, "_wandb": {"runtime": 142}}