{"loss": 0.125, "epoch": 0, "_timestamp": 1714550631.2902758, "_runtime": 162.83762884140015, "_step": 308, "_wandb": {"runtime": 162}}