{"loss": 3.4317909012315795e-06, "epoch": 0, "_timestamp": 1714553822.489415, "_runtime": 14.326894044876099, "_step": 1, "_wandb": {"runtime": 20}}