{"loss": 0.15625, "epoch": 0, "_timestamp": 1714552761.3811955, "_runtime": 147.1894724369049, "_step": 308, "_wandb": {"runtime": 146}}