{"loss": 0.26390689611434937, "epoch": 0, "_timestamp": 1714555581.9275136, "_runtime": 7.48851466178894, "_step": 0, "_wandb": {"runtime": 7}}