{"loss": 0.11538462340831757, "epoch": 4, "_timestamp": 1714568656.0699413, "_runtime": 720.9085793495178, "_step": 1549, "_wandb": {"runtime": 766}}