{"loss": 0.0, "epoch": 4, "_timestamp": 1714563080.8107781, "_runtime": 825.0262532234192, "_step": 1549, "_wandb": {"runtime": 879}}