{"loss": 0.253665953874588, "epoch": 0, "_timestamp": 1714554338.4917922, "_runtime": 7.303272247314453, "_step": 0, "_wandb": {"runtime": 7}}