{"loss": 2.5692492107292986e-36, "epoch": 4, "_timestamp": 1714559720.817355, "_runtime": 955.0969049930573, "_step": 1549, "_wandb": {"runtime": 1012}}