{"loss": 0.0, "epoch": 4, "_timestamp": 1714564965.2585132, "_runtime": 1080.554259300232, "_step": 1549, "_wandb": {"runtime": 1146}}