{"loss": 0.07692307978868484, "epoch": 4, "_timestamp": 1714553609.681375, "_runtime": 749.8626089096069, "_step": 1549, "_wandb": {"runtime": 784}}