{"loss": 0.125, "epoch": 0, "_timestamp": 1714552005.1590652, "_runtime": 178.33634233474731, "_step": 308, "_wandb": {"runtime": 178}}