{"loss": 0.0, "epoch": 1, "_timestamp": 1714555000.2560833, "_runtime": 136.05893516540527, "_step": 429, "_wandb": {"runtime": 135}}