{"loss": 0.25139933824539185, "epoch": 0, "_timestamp": 1714552280.4022574, "_runtime": 6.345950365066528, "_step": 0, "_wandb": {"runtime": 6}}