{"loss": 0.25481483340263367, "epoch": 0, "_timestamp": 1714554099.053411, "_runtime": 7.599745988845825, "_step": 0, "_wandb": {"runtime": 12}}