{"loss": 0.052103087306022644, "epoch": 4, "_timestamp": 1714571780.333186, "_runtime": 1404.539752960205, "_step": 1549, "_wandb": {"runtime": 1494}}